{"cameraMode":{"drawMode":0,"name":"Shaded","section":"Shading Mode"},"sceneLighting":false,"audioPlay":false,"sceneViewState":{"m_AlwaysRefresh":true,"showFog":true,"showSkybox":false,"showFlares":true,"showImageEffects":true,"showParticleSystems":true,"showVisualEffectGraphs":true,"m_FxEnabled":true},"in2DMode":false,"pivot":{"x":0.43969082832336428,"y":3.6487550735473635,"z":5.253475189208984},"rotation":{"x":0.11968997865915299,"y":-0.019358819350600244,"z":0.0023336592130362989,"w":0.9926247596740723},"size":29.454269409179689,"orthographic":false}