{"cameraMode":{"drawMode":0,"name":"Shaded","section":"Shading Mode"},"sceneLighting":true,"audioPlay":false,"sceneViewState":{"m_AlwaysRefresh":true,"showFog":true,"showSkybox":true,"showFlares":true,"showImageEffects":true,"showParticleSystems":true,"showVisualEffectGraphs":true,"m_FxEnabled":true},"in2DMode":false,"pivot":{"x":0.6096067428588867,"y":14.709992408752442,"z":14.138717651367188},"rotation":{"x":0.07791982591152191,"y":-0.0053815715946257118,"z":0.0004206536104902625,"w":0.9969454407691956},"size":26.77797508239746,"orthographic":false}