{"cameraMode":{"drawMode":0,"name":"Shaded","section":"Shading Mode"},"sceneLighting":false,"audioPlay":false,"sceneViewState":{"m_AlwaysRefresh":true,"showFog":true,"showSkybox":false,"showFlares":true,"showImageEffects":true,"showParticleSystems":true,"showVisualEffectGraphs":true,"m_FxEnabled":true},"in2DMode":false,"pivot":{"x":-5.355038642883301,"y":2.5524725914001467,"z":2.1408510208129885},"rotation":{"x":0.10479077696800232,"y":-0.017900187522172929,"z":0.0018857414834201336,"w":0.994337797164917},"size":10.85565185546875,"orthographic":false}