{"cameraMode":{"drawMode":0,"name":"Shaded","section":"Shading Mode"},"sceneLighting":false,"audioPlay":false,"sceneViewState":{"m_AlwaysRefresh":true,"showFog":true,"showSkybox":false,"showFlares":true,"showImageEffects":true,"showParticleSystems":true,"showVisualEffectGraphs":true,"m_FxEnabled":true},"in2DMode":false,"pivot":{"x":1.2474706172943116,"y":4.412797927856445,"z":-6.978338241577148},"rotation":{"x":0.18784461915493012,"y":0.018269626423716546,"z":-0.0034947076346725227,"w":0.9820241332054138},"size":4.890170097351074,"orthographic":false}