{"cameraMode":{"drawMode":0,"name":"Shaded","section":"Shading Mode"},"sceneLighting":false,"audioPlay":false,"sceneViewState":{"m_AlwaysRefresh":true,"showFog":true,"showSkybox":false,"showFlares":true,"showImageEffects":true,"showParticleSystems":true,"showVisualEffectGraphs":true,"m_FxEnabled":true},"in2DMode":false,"pivot":{"x":-1.0449447631835938,"y":7.7373785972595219,"z":2.3180580139160158},"rotation":{"x":0.11968997865915299,"y":-0.019358819350600244,"z":0.0023336592130362989,"w":0.9926247596740723},"size":11.080577850341797,"orthographic":false}