{"cameraMode":{"drawMode":0,"name":"Shaded","section":"Shading Mode"},"sceneLighting":false,"audioPlay":false,"sceneViewState":{"m_AlwaysRefresh":true,"showFog":true,"showSkybox":false,"showFlares":true,"showImageEffects":true,"showParticleSystems":true,"showVisualEffectGraphs":true,"m_FxEnabled":true},"in2DMode":false,"pivot":{"x":-1.50108802318573,"y":0.37740421295166018,"z":10.397441864013672},"rotation":{"x":0.10479077696800232,"y":-0.017900187522172929,"z":0.0018857414834201336,"w":0.994337797164917},"size":30.129552841186525,"orthographic":false}